Index,Name,IconID,Priority,Target,Sell Value,Menu Desc,World Desc,Type,MoveID,HP,MP,Name
"1","26-A0","38","0","8","FFFF","00-00","00-00","1020","00","0","0","Jump"
"2","26-A1","39","0","2","FFFF","00-00","00-00","1020","00","0","0","SpinJump"
"3","26-A2","3A","0","1","FFFF","00-00","00-00","1020","00","0","0","TornadoJump"
"4","26-A3","3B","0","8","FFFF","00-00","00-00","1020","00","0","0","Hammer"
"5","26-A4","3C","0","1","FFFF","00-00","00-00","1020","00","0","0","SuperHammer"
"6","26-A5","3D","0","2","FFFF","00-00","00-00","1020","00","0","0","UltraHammer"
"7","26-A6","3E","0","2","FFFF","25-A6","23-A6","1008","00","0","0","LuckyStar"
"8","00-00","140","0","2","FFFF","00-00","00-00","1020","00","0","0","Map"
"9","00-00","140","0","2","FFFF","00-00","00-00","1020","00","0","0","BigMap"
"A","26-E2","78","0","2","FFFF","25-E2","23-E2","1008","00","0","0","FirstDegreeCard"
"B","26-E3","79","0","2","FFFF","25-E3","23-E3","1008","00","0","0","SecondDegreeCard"
"C","26-E4","7A","0","2","FFFF","25-E4","23-E4","1008","00","0","0","ThirdDegreeCard"
"D","26-E5","7B","0","2","FFFF","25-E5","23-E5","1008","00","0","0","FourthDegreeCard"
"E","26-E6","7C","0","2","FFFF","25-E6","23-E6","1008","00","0","0","Diploma"
"F","26-E7","62","0","2","FFFF","25-E7","23-E7","1008","00","0","0","UltraStone"
"10","26-A7","40","0","8","FFFF","25-A7","23-A7","1009","00","0","0","FortressKey"
"11","26-A8","41","0","8","FFFF","25-A8","23-A8","1009","00","0","0","RuinsKey"
"12","26-B0","47","0","8","FFFF","25-B0","23-B0","1009","00","0","0","PulseStone"
"13","26-A9","42","0","8","FFFF","25-A9","23-A9","1009","00","0","0","CastleKey1"
"14","26-AA","43","0","8","FFFF","25-AA","23-AA","1009","00","0","0","PalaceKey"
"15","26-B3","4C","0","8","FFFF","25-B3","23-B3","1009","00","0","0","LunarStone"
"16","26-B4","4A","0","8","FFFF","25-B4","23-B4","1009","00","0","0","PyramidStone"
"17","26-B5","4B","0","8","FFFF","25-B5","23-B5","1009","00","0","0","DiamondStone"
"18","26-B2","49","0","8","FFFF","25-B2","23-B2","1009","00","0","0","GoldenVase"
"19","26-AF","46","0","8","FFFF","25-AF","23-AF","1009","00","0","0","KoopersShell"
"1A","26-AB","44","0","8","FFFF","25-AB","23-AB","1009","00","0","0","CastleKey2"
"1B","00-00","4D","0","8","FFFF","00-00","00-00","1009","00","0","0","ForestPass"
"1C","26-B7","50","0","8","FFFF","25-B7","23-B7","1009","00","0","0","Weight"
"1D","26-B8","51","0","8","FFFF","25-B8","23-B8","1009","00","0","0","BoosPortrait"
"1E","26-C4","5D","0","8","FFFF","25-C4","23-C4","1009","00","0","0","CrystalBerry"
"1F","26-B9","52","0","8","FFFF","25-B9","23-B9","1009","00","0","0","MysticalKey"
"20","26-BA","53","0","8","FFFF","25-BA","23-BA","1009","00","0","0","StoreroomKey"
"21","26-BB","54","0","8","FFFF","25-BB","23-BB","1009","00","0","0","ToyTrain"
"22","26-B6","4F","0","8","FFFF","25-B6","23-B6","1009","00","0","0","Record"
"23","26-BC","55","0","8","FFFF","25-BC","23-BC","1009","00","0","0","FryingPan"
"24","26-BD","56","0","8","FFFF","25-BD","23-BD","1009","00","0","0","Dictionary"
"25","26-BE","57","0","8","FFFF","25-BE","23-BE","1009","00","0","0","MysteryNote"
"26","00-00","58","0","8","FFFF","00-00","00-00","1009","00","0","0","SuspiciousNote"
"27","26-C9","7D","0","8","FFFF","25-C9","23-C9","1009","00","0","0","CrystalBall"
"28","00-00","65","0","8","FFFF","00-00","00-00","1009","00","0","0","Screwdriver"
"29","26-CB","66","0","8","FFFF","25-CB","23-CB","1009","00","0","0","Cookbook"
"2A","26-CC","67","0","8","FFFF","25-CC","23-CC","1009","00","0","0","JadeRaven"
"2B","26-C0","59","0","8","FFFF","25-C0","23-C0","1009","00","0","0","MagicalSeed1"
"2C","26-C1","5A","0","8","FFFF","25-C1","23-C1","1009","00","0","0","MagicalSeed2"
"2D","26-C2","5B","0","8","FFFF","25-C2","23-C2","1009","00","0","0","MagicalSeed3"
"2E","26-C3","5C","0","8","FFFF","25-C3","23-C3","1009","00","0","0","MagicalSeed4"
"2F","00-00","63","0","8","FFFF","00-00","00-00","1009","00","0","0","ToadDoll"
"30","26-CA","64","0","8","FFFF","25-CA","23-CA","1009","00","0","0","Calculator"
"31","26-CF","68","0","8","FFFF","25-CF","23-CF","1009","00","0","0","Bucket"
"32","26-D0","69","0","8","FFFF","25-D0","23-D0","1009","00","0","0","Scarf"
"33","26-D2","6A","0","8","FFFF","25-D2","23-D2","1009","00","0","0","RedKey"
"34","26-D3","6B","0","8","FFFF","25-D3","23-D3","1009","00","0","0","BlueKey"
"35","00-00","88","0","8","FFFF","00-00","00-00","1009","00","0","0","a"
"36","26-EB","88","0","8","FFFF","25-EB","23-EB","1009","00","0","0","Letter01"
"37","26-EC","88","0","8","FFFF","25-EC","23-EC","1009","00","0","0","Letter02"
"38","26-ED","88","0","8","FFFF","25-ED","23-ED","1009","00","0","0","Letter03"
"39","26-EE","88","0","8","FFFF","25-EE","23-EE","1009","00","0","0","Letter04"
"3A","26-EF","88","0","8","FFFF","25-EF","23-EF","1009","00","0","0","Letter05"
"3B","26-F0","88","0","8","FFFF","25-F0","23-F0","1009","00","0","0","Letter06"
"3C","26-F1","88","0","8","FFFF","25-F1","23-F1","1009","00","0","0","Letter07"
"3D","26-F2","88","0","8","FFFF","25-F2","23-F2","1009","00","0","0","Letter08"
"3E","26-F3","88","0","8","FFFF","25-F3","23-F3","1009","00","0","0","Letter09"
"3F","00-00","88","0","8","FFFF","00-00","00-00","1009","00","0","0","a"
"40","26-F4","88","0","8","FFFF","25-F4","23-F4","1009","00","0","0","Letter10"
"41","26-F5","88","0","8","FFFF","25-F5","23-F5","1009","00","0","0","Letter11"
"42","00-00","88","0","8","FFFF","00-00","00-00","1009","00","0","0","a"
"43","00-00","88","0","8","FFFF","00-00","00-00","1009","00","0","0","a"
"44","00-00","88","0","8","FFFF","00-00","00-00","1009","00","0","0","a"
"45","26-F6","88","0","8","FFFF","25-F6","23-F6","1009","00","0","0","Letter12"
"46","26-F7","88","0","8","FFFF","25-F7","23-F7","1009","00","0","0","Letter13"
"47","26-F8","88","0","8","FFFF","25-F8","23-F8","1009","00","0","0","Letter14"
"48","26-F9","88","0","8","FFFF","25-F9","23-F9","1009","00","0","0","Letter15"
"49","26-FA","88","0","8","FFFF","25-FA","23-FA","1009","00","0","0","Letter16"
"4A","26-FB","88","0","8","FFFF","25-FB","23-FB","1009","00","0","0","Letter17"
"4B","26-FC","88","0","8","FFFF","25-FC","23-FC","1009","00","0","0","Letter18"
"4C","26-FD","88","0","8","FFFF","25-FD","23-FD","1009","00","0","0","Letter19"
"4D","00-00","88","0","8","FFFF","00-00","00-00","1009","00","0","0","a"
"4E","26-FE","88","0","8","FFFF","25-FE","23-FE","1009","00","0","0","Letter20"
"4F","26-FF","88","0","8","FFFF","25-FF","23-FF","1009","00","0","0","Letter21"
"50","26-100","88","0","8","FFFF","25-100","23-100","1009","00","0","0","Letter22"
"51","26-101","88","0","8","FFFF","25-101","23-101","1009","00","0","0","Letter23"
"52","26-102","88","0","8","FFFF","25-102","23-102","1009","00","0","0","Letter24"
"53","26-B1","48","0","8","FFFF","25-B1","23-B1","1009","00","0","0","Artifact"
"54","26-EA","88","0","8","FFFF","25-EA","23-EA","1009","00","0","0","Letter25"
"55","00-00","88","0","8","FFFF","00-00","00-00","1009","00","0","0","a"
"56","26-AE","45","0","8","FFFF","25-AE","23-AE","1009","00","0","0","Dolly"
"57","26-C5","5E","0","8","FFFF","25-C5","23-C5","1009","00","0","0","WaterStone"
"58","26-C6","5F","0","8","FFFF","25-C6","23-C6","1009","00","0","0","MagicalBean"
"59","26-C7","60","0","8","FFFF","25-C7","23-C7","1009","00","0","0","FertileSoil"
"5A","26-C8","61","0","8","FFFF","25-C8","23-C8","1009","00","0","0","MiracleWater"
"5B","26-CD","49","0","8","FFFF","25-CD","23-CD","1009","00","0","0","VolcanoVase"
"5C","26-104","81","0","8","FFFF","25-104","23-104","1009","00","0","0","Tape"
"5D","26-D8","116","0","8","FFFF","25-D8","23-D8","1009","00","0","0","Sugar"
"5E","26-D9","115","0","8","FFFF","25-D9","23-D9","1009","00","0","0","Salt"
"5F","26-DA","117","0","8","FFFF","25-DA","23-DA","1009","00","0","0","Egg1"
"60","26-DB","118","0","8","FFFF","25-DB","23-DB","1009","00","0","0","Cream"
"61","26-DC","119","0","8","FFFF","25-DC","23-DC","1009","00","0","0","Strawberry"
"62","26-DD","11A","0","8","FFFF","25-DD","23-DD","1009","00","0","0","Butter"
"63","26-DE","11B","0","8","FFFF","25-DE","23-DE","1009","00","0","0","Cleanser"
"64","26-DF","11C","0","8","FFFF","25-DF","23-DF","1009","00","0","0","Water"
"65","26-E0","11D","0","8","FFFF","25-E0","23-E0","1009","00","0","0","Flour"
"66","26-E1","11E","0","8","FFFF","25-E1","23-E1","1009","00","0","0","Milk"
"67","26-D6","6F","0","8","FFFF","25-D6","23-D6","1009","00","0","0","Lyrics"
"68","26-D7","6E","0","8","FFFF","25-D7","23-D7","1009","00","0","0","Melody"
"69","26-BF","70","0","8","FFFF","25-BF","23-BF","1009","00","0","0","Mailbag"
"6A","26-AC","73","0","8","FFFF","25-AC","23-AC","1009","00","0","0","CastleKey3"
"6B","26-AD","53","0","8","FFFF","25-AD","23-AD","1009","00","0","0","OddKey"
"6C","26-D1","71","0","8","FFFF","25-D1","23-D1","1009","00","0","0","StarStone"
"6D","26-D4","72","0","8","FFFF","25-D4","23-D4","1009","00","0","0","SneakyParasol"
"6E","26-103","80","0","8","FFFF","25-103","23-103","1009","00","0","0","KoopaLegends"
"6F","26-105","82","0","8","FFFF","25-105","23-105","1009","00","0","0","Autograph1"
"70","26-106","83","0","8","FFFF","25-106","23-106","1009","00","0","0","EmptyWallet"
"71","26-107","84","0","8","FFFF","25-107","23-107","1009","00","0","0","Autograph2"
"72","00-00","85","0","8","FFFF","00-00","00-00","1009","00","0","0","KoopaShell"
"73","26-108","86","0","8","FFFF","25-108","23-108","1009","00","0","0","OldPhoto"
"74","26-109","87","0","8","FFFF","25-109","23-109","1009","00","0","0","Glasses"
"75","00-00","86","0","8","FFFF","00-00","00-00","1009","00","0","0","Photograph"
"76","26-10A","6C","0","8","FFFF","25-10A","23-10A","1009","00","0","0","Package"
"77","26-10B","6D","0","8","FFFF","25-10B","23-10B","1009","00","0","0","RedJar"
"78","26-AC","73","0","8","FFFF","25-AC","23-AC","1009","00","0","0","CastleKey4"
"79","26-CE","53","0","8","FFFF","25-CE","23-CE","1009","00","0","0","WarehouseKey"
"7A","26-D5","53","0","8","FFFF","25-D5","23-D5","1009","00","0","0","PrisonKey1"
"7B","26-E8","7F","0","8","FFFF","25-E8","23-E8","1009","00","0","0","SilverCredit"
"7C","26-E9","7E","0","8","FFFF","25-E9","23-E9","1009","00","0","0","GoldCredit"
"7D","26-D5","73","0","8","FFFF","25-D5","23-D5","1009","00","0","0","PrisonKey2"
"7E","26-D5","73","0","8","FFFF","25-D5","23-D5","1009","00","0","0","PrisonKey3"
"7F","26-D5","73","0","8","FFFF","25-D5","23-D5","1009","00","0","0","PrisonKey4"
"80","26-00","120","0","8002","4","25-00","23-00","1006","00","3","0","FireFlower"
"81","26-01","121","0","8002","6","25-01","23-01","1006","00","4","0","SnowmanDoll"
"82","26-02","122","0","8002","8","25-02","23-02","1006","00","5","0","ThunderRage"
"83","26-04","124","0","8002","F","25-04","23-04","1006","00","6","0","ShootingStar"
"84","26-03","123","0","8003","4","25-03","23-03","1006","00","5","0","ThunderBolt"
"85","26-06","126","0","8003","1","25-06","23-06","1006","00","1","0","Pebble"
"86","26-05","125","0","8003","1","25-05","23-05","1006","00","1","0","DustyHammer"
"87","00-00","13D","0","8003","1","00-00","00-00","1006","00","0","0","InsecticideHerb"
"88","26-07","128","0","8","F","25-07","23-07","1006","00","3","0","StoneCap"
"89","26-0E","FD","0","9","1","25-0E","23-0E","1187","00","0","0","TastyTonic"
"8A","26-09","F8","0","9","2","25-09","23-09","1087","00","5","0","Mushroom"
"8B","26-08","129","0","8","7","25-08","23-08","1086","00","4","0","VoltShroom"
"8C","26-0A","F9","0","9","7","25-0A","23-0A","1087","00","A","0","SuperShroom"
"8D","26-0D","FC","0","9","1","25-0D","23-0D","1087","00","1","0","DriedShroom"
"8E","26-0B","FA","0","9","32","25-0B","23-0B","1087","00","32","0","UltraShroom"
"8F","26-26","130","0","8002","4","25-26","23-26","1006","00","3","0","SleepySheep"
"90","26-27","132","0","8002","3","25-27","23-27","1006","00","2","0","POWBlock"
"91","00-00","133","0","8","A","00-00","00-00","1186","00","2","0","HustleDrink"
"92","26-28","134","0","8002","A","25-28","23-28","1006","00","4","0","StopWatch"
"93","26-19","113","0","9","1E","25-19","23-19","1087","00","19","19","WhackasBump"
"94","26-1A","114","0","9","2","25-1A","23-1A","1087","00","5","0","Apple"
"95","26-0C","FB","0","9","14","25-0C","23-0C","1087","00","A","0","LifeShroom"
"96","26-2B","13B","0","8","1","25-2B","23-2B","1006","00","0","0","Mystery"
"97","26-2C","13C","0","8","F","25-2C","23-2C","1006","00","2","0","RepelGel"
"98","26-2A","13A","0","8002","3","25-2A","23-2A","1006","00","0","0","FrightJar"
"99","00-00","138","0","8","5","00-00","00-00","1006","00","0","0","PleaseComeBack"
"9A","26-29","135","0","8002","6","25-29","23-29","1006","00","3","0","DizzyDial"
"9B","26-0F","FE","0","9","3","25-0F","23-0F","1187","00","0","5","SuperSoda"
"9C","26-15","107","0","9","1","25-15","23-15","1087","00","1","2","Lemon"
"9D","26-14","106","0","9","1","25-14","23-14","1087","00","0","3","Lime"
"9E","26-10","FF","0","9","2","25-10","23-10","1087","00","0","5","BlueBerry"
"9F","26-11","100","0","9","2","25-11","23-11","1087","00","5","0","RedBerry"
"A0","26-12","101","0","9","2","25-12","23-12","1087","00","3","3","YellowBerry"
"A1","26-13","102","0","9","3","25-13","23-13","1087","00","5","0","BubbleBerry"
"A2","26-18","112","0","9","32","25-18","23-18","1087","00","0","32","JamminJelly"
"A3","26-17","111","0","9","A","25-17","23-17","1187","00","0","A","MapleSyrup"
"A4","26-16","110","0","9","3","25-16","23-16","1187","00","0","5","HoneySyrup"
"A5","26-1B","103","0","9","2","25-1B","23-1B","1087","00","0","3","Goomnut"
"A6","26-1C","104","0","9","1","25-1C","23-1C","1087","00","0","3","KoopaLeaf"
"A7","26-1D","105","0","9","4","25-1D","23-1D","1087","00","3","2","DriedPasta"
"A8","26-1E","108","0","9","5","25-1E","23-1E","1087","00","F","0","DriedFruit"
"A9","26-1F","109","0","9","2","25-1F","23-1F","1087","00","0","5","StrangeLeaf"
"AA","26-20","10A","0","9","3","25-20","23-20","1087","00","0","1","CakeMix"
"AB","26-21","10B","0","9","2","25-21","23-21","1087","00","5","0","Egg2"
"AC","26-22","10C","0","8003","1","25-22","23-22","1006","00","3","0","Coconut"
"AD","26-23","10D","0","9","7","25-23","23-23","1087","00","F","0","Melon"
"AE","26-24","10E","0","9","1","25-24","23-24","1087","00","0","5","StinkyHerb"
"AF","26-25","10F","0","9","3","25-25","23-25","1087","00","5","0","IcedPotato"
"B0","26-2D","1","0","9","A","25-2D","23-2D","1187","00","4","4","SpicySoup"
"B1","26-2E","2","0","9","A","25-2E","23-2E","1087","00","5","F","ApplePie"
"B2","26-35","3","0","9","4B","25-35","23-35","1087","00","32","5","HoneyUltra"
"B3","26-36","4","0","9","64","25-36","23-36","1087","00","32","A","MapleUltra"
"B4","26-37","5","0","9","96","25-37","23-37","1087","00","32","32","JellyUltra"
"B5","26-38","6","0","9","A","25-38","23-38","1087","00","7","7","Koopasta"
"B6","26-39","7","0","9","5","25-39","23-39","1087","00","6","2","FriedShroom"
"B7","26-3C","8","0","9","14","25-3C","23-3C","1087","00","A","A","ShroomCake"
"B8","26-3B","9","0","9","2D","25-3B","23-3B","1087","00","1E","A","ShroomSteak"
"B9","26-3A","A","0","9","F","25-3A","23-3A","1087","00","F","5","HotShroom"
"BA","26-3D","B","0","9","32","25-3D","23-3D","1087","00","1E","14","SweetShroom"
"BB","26-3F","E","0","9","F","25-3F","23-3F","1087","00","14","14","YummyMeal"
"BC","26-42","C","0","9","19","25-42","23-42","1187","00","0","28","HealthyJuice"
"BD","26-3E","D","0","9","A","25-3E","23-3E","1087","00","A","A","BlandMeal"
"BE","26-40","F","0","9","3C","25-40","23-40","1087","00","28","28","DeluxeFeast"
"BF","26-41","10","0","9","A","25-41","23-41","1187","00","0","14","SpecialShake"
"C0","26-43","11","0","9","A","25-43","23-43","1087","00","0","14","BigCookie"
"C1","26-44","12","0","9","A","25-44","23-44","1087","00","0","F","Cake"
"C2","26-45","13","0","9","1","25-45","23-45","1087","00","1","1","Mistake"
"C3","26-46","14","0","9","3","25-46","23-46","1187","00","0","7","KoopaTea"
"C4","26-32","15","0","9","14","25-32","23-32","1087","00","A","5","HoneySuper"
"C5","26-33","16","0","9","23","25-33","23-33","1087","00","A","A","MapleSuper"
"C6","26-34","17","0","9","64","25-34","23-34","1087","00","A","32","JellySuper"
"C7","26-47","18","0","9","7","25-47","23-47","1087","00","6","4","Spaghetti"
"C8","26-48","19","0","8003","A","25-48","23-48","1006","00","6","0","EggMissile"
"C9","26-49","1A","0","9","7","25-49","23-49","1087","00","A","0","FriedEgg"
"CA","26-2F","1B","0","9","A","25-2F","23-2F","1087","00","5","5","HoneyShroom"
"CB","26-4A","1C","0","9","F","25-4A","23-4A","1087","00","0","14","HoneyCandy"
"CC","26-4B","1D","0","9","19","25-4B","23-4B","1087","00","0","F","ElectroPop"
"CD","26-4C","1E","0","9","14","25-4C","23-4C","1087","00","FF","14","FirePop"
"CE","26-4D","1F","0","9","F","25-4D","23-4D","1087","00","0","14","LimeCandy"
"CF","26-4E","20","0","9","C","25-4E","23-4E","1087","00","3","F","CocoPop"
"D0","26-4F","21","0","9","F","25-4F","23-4F","1087","00","5","F","LemonCandy"
"D1","26-50","22","0","9","64","25-50","23-50","1087","00","0","40","JellyPop"
"D2","26-51","23","0","9","A","25-51","23-51","1086","00","0","0","StrangeCake"
"D3","26-52","24","0","9","C","25-52","23-52","1087","00","0","F","KookyCookie"
"D4","26-53","25","0","9","F","25-53","23-53","1087","00","F","0","FrozenFries"
"D5","26-54","26","0","9","6","25-54","23-54","1087","00","A","0","PotatoSalad"
"D6","26-55","27","0","9","6","25-55","23-55","1087","00","0","A","NuttyCake"
"D7","26-30","28","0","9","19","25-30","23-30","1087","00","5","A","MapleShroom"
"D8","26-56","29","0","9","A","25-56","23-56","1087","00","8","8","BoiledEgg"
"D9","26-57","2A","0","9","14","25-57","23-57","1087","00","F","F","YoshiCookie"
"DA","26-31","2B","0","9","4B","25-31","23-31","1087","00","5","32","JellyShroom1"
"DB","26-31","2B","0","9","4B","25-31","23-31","1087","00","5","32","JellyShroom2"
"DC","26-31","2B","0","9","4B","25-31","23-31","1087","00","5","32","JellyShroom3"
"DD","26-31","2B","0","9","4B","25-31","23-31","1087","00","5","32","JellyShroom4"
"DE","26-31","2B","0","9","4B","25-31","23-31","1087","00","5","32","JellyShroom5"
"DF","26-31","2B","0","9","4B","25-31","23-31","1087","00","5","32","JellyShroom6"
"E0","26-68","90","17","0","4B","25-68","23-68","1040","08","0","0","SpinSmash"
"E1","26-5E","91","4","0","4B","25-5E","23-5E","1040","1F","0","0","Multibounce"
"E2","26-73","92","43","0","FA","25-73","23-73","1040","3B","0","0","PowerPlusA"
"E3","26-80","93","28","0","64","25-80","23-80","1040","4C","0","0","DodgeMaster"
"E4","26-61","94","D","0","64","25-61","23-61","1040","20","0","0","PowerBounce"
"E5","26-7F","95","5C","0","64","25-7F","23-7F","1040","40","0","0","SpikeShield"
"E6","26-87","96","6D","0","64","25-87","23-87","1040","4D","0","0","FirstAttack"
"E7","26-71","97","35","0","96","25-71","23-71","1040","52","0","0","HPPlusA"
"E8","26-6A","98","18","0","64","25-6A","23-6A","1040","09","0","0","QuakeHammer"
"E9","26-6D","99","21","0","64","25-6D","23-6D","1040","35","0","0","DoubleDip"
"EA","00-00","140","0","0","64","00-00","00-00","1040","53","0","0","MysteryScroll"
"EB","26-5C","9C","9","0","4B","25-5C","23-5C","1040","21","0","0","SleepStomp"
"EC","26-97","A0","5B","0","4B","25-97","23-97","1040","41","0","0","FireShield"
"ED","26-70","E3","24","0","C8","25-70","23-70","1040","38","0","0","QuickChange"
"EE","26-69","A4","1D","0","4B","25-69","23-69","1040","0A","0","0","DDownPound"
"EF","26-5D","A6","A","0","4B","25-5D","23-5D","1040","22","0","0","DizzyStomp"
"F0","00-00","A8","14","0","1E","00-00","00-00","1040","0B","0","0","SmashCharge0"
"F1","26-81","A9","55","0","64","25-81","23-81","1040","42","0","0","PrettyLucky"
"F2","26-8C","AA","5E","0","64","25-8C","23-8C","1040","43","0","0","FeelingFine"
"F3","26-8D","AB","70","0","1E","25-8D","23-8D","1040","54","0","0","AttackFXA"
"F4","26-93","AC","50","0","64","25-93","23-93","1040","3C","0","0","AllorNothing"
"F5","26-78","AD","4F","0","32","25-78","23-78","1040","5A","0","0","HPDrain"
"F6","00-00","AE","4","0","1E","00-00","00-00","1040","23","0","0","JumpCharge0"
"F7","26-94","AF","6F","0","A","25-94","23-94","1040","4E","0","0","SlowGo"
"F8","26-72","B0","3A","0","96","25-72","23-72","1040","5B","0","0","FPPlusA"
"F9","26-86","B1","51","0","32","25-86","23-86","1040","5F","0","0","MegaRush"
"FA","26-95","B2","5A","0","4B","25-95","23-95","1040","3D","0","0","IcePower"
"FB","26-74","B3","46","0","FA","25-74","23-74","1040","45","0","0","DefendPlusA"
"FC","26-96","B4","65","0","32","25-96","23-96","1040","63","0","0","PayOff"
"FD","26-9A","B5","65","0","C8","25-9A","23-9A","1040","5C","0","0","MoneyMoney"
"FE","26-98","B6","69","0","32","25-98","23-98","1040","5D","0","0","ChillOut"
"FF","26-79","B7","2A","0","64","25-79","23-79","1040","5E","0","0","HappyHeartA"
"100","26-99","B8","5F","0","64","25-99","23-99","1040","44","0","0","ZapTap"
"101","00-00","B9","58","0","12C","00-00","00-00","1040","60","0","0","Berserker"
"102","26-9B","BA","29","0","12C","25-9B","23-9B","1040","4F","0","0","RightOn"
"103","26-9C","BB","63","0","32","25-9C","23-9C","1040","61","0","0","RunawayPay"
"104","26-9D","BC","64","0","32","25-9D","23-9D","1040","6E","0","0","Refund"
"105","26-7B","BD","3F","0","FA","25-7B","23-7B","1040","62","0","0","FlowerSaverA"
"106","26-6E","BE","22","0","C8","25-6E","23-6E","1040","36","0","0","TripleDip"
"107","26-66","A7","1C","0","4B","25-66","23-66","1040","0D","0","0","HammerThrow"
"108","26-6C","9B","1A","0","C8","25-6C","23-6C","1040","0E","0","0","MegaQuake"
"109","26-64","9D","15","0","32","25-64","23-64","1040","0F","0","0","SmashCharge"
"10A","26-5A","A1","5","0","32","25-5A","23-5A","1040","25","0","0","JumpCharge"
"10B","26-65","9E","16","0","64","25-65","23-65","1040","11","0","0","SSmashChg"
"10C","26-5B","A2","6","0","64","25-5B","23-5B","1040","27","0","0","SJumpChg"
"10D","26-84","D1","53","0","32","25-84","23-84","1040","64","0","0","PowerRush"
"10E","00-00","A3","F","0","32","00-00","00-00","1040","29","0","0","AutoJump"
"10F","00-00","9F","1F","0","32","00-00","00-00","1040","13","0","0","AutoSmash"
"110","00-00","D4","2D","0","12C","00-00","00-00","1040","65","0","0","CrazyHeart"
"111","26-85","D2","52","0","32","25-85","23-85","1040","46","0","0","LastStand"
"112","26-83","D3","54","0","32","25-83","23-83","1040","47","0","0","CloseCall"
"113","26-76","C9","4E","0","64","25-76","23-76","1040","3E","0","0","PUpDDown"
"114","26-82","C6","56","0","12C","25-82","23-82","1040","48","0","0","LuckyDay"
"115","00-00","C7","57","0","64","00-00","00-00","1040","66","0","0","MegaHPDrain"
"116","26-77","CA","4D","0","64","25-77","23-77","1040","49","0","0","PDownDUp"
"117","26-6B","9A","19","0","96","25-6B","23-6B","1040","14","0","0","PowerQuake"
"118","00-00","A5","E","0","4B","00-00","00-00","1040","2A","0","0","AutoMultibounce"
"119","00-00","BF","42","0","12C","00-00","00-00","1040","67","0","0","FlowerFanatic"
"11A","26-7C","CB","61","0","4B","25-7C","23-7C","1040","68","0","0","HeartFinder"
"11B","26-7D","CC","62","0","4B","25-7D","23-7D","1040","69","0","0","FlowerFinder"
"11C","26-89","CF","6C","0","96","25-89","23-89","1040","6A","0","0","SpinAttack"
"11D","26-8A","CD","6B","0","64","25-8A","23-8A","1040","6B","0","0","DizzyAttack"
"11E","26-9E","D0","68","0","C8","25-9E","23-9E","1040","6C","0","0","ISpy"
"11F","26-8B","CE","6A","0","32","25-8B","23-8B","1040","6D","0","0","SpeedySpin"
"120","26-88","C8","6E","0","C8","25-88","23-88","1040","50","0","0","BumpAttack"
"121","26-58","C0","1","0","32","25-58","23-58","1040","2B","0","0","PowerJump"
"122","00-00","C1","2","0","64","00-00","00-00","1040","2C","0","0","SuperJump"
"123","26-59","C2","3","0","C8","25-59","23-59","1040","2D","0","0","MegaJump"
"124","26-62","C3","11","0","32","25-62","23-62","1040","15","0","0","PowerSmash1"
"125","00-00","C4","12","0","64","00-00","00-00","1040","16","0","0","SuperSmash"
"126","26-63","C5","13","0","C8","25-63","23-63","1040","17","0","0","MegaSmash"
"127","26-62","140","11","0","32","25-62","23-62","1040","17","0","0","PowerSmash2"
"128","26-62","140","11","0","32","25-62","23-62","1040","17","0","0","PowerSmash3"
"129","26-7E","E0","31","0","32","25-7E","23-7E","1040","71","0","0","DeepFocus1"
"12A","00-00","E1","34","0","64","00-00","00-00","1040","72","0","0","SuperFocus"
"12B","26-67","D8","1B","0","4B","25-67","23-67","1040","18","0","0","ShrinkSmash"
"12C","00-00","140","1E","0","64","00-00","00-00","1040","19","0","0","ShellCrack"
"12D","00-00","E2","27","0","12C","00-00","00-00","1040","73","0","0","Kaiden"
"12E","26-60","DA","C","0","64","25-60","23-60","1040","2E","0","0","DDownJump"
"12F","26-5F","D9","8","0","4B","25-5F","23-5F","1040","2F","0","0","ShrinkStomp"
"130","26-75","DB","49","0","96","25-75","23-75","1040","33","0","0","DamageDodgeA"
"131","00-00","DC","B","0","64","00-00","00-00","1040","30","0","0","EarthquakeJump"
"132","26-7E","E0","31","0","32","25-7E","23-7E","1040","71","0","0","DeepFocus2"
"133","26-7E","E0","31","0","32","25-7E","23-7E","1040","71","0","0","DeepFocus3"
"134","26-71","97","35","0","96","25-71","23-71","1040","52","0","0","HPPlusB"
"135","26-72","B0","3A","0","96","25-72","23-72","1040","5B","0","0","FPPlusB"
"136","26-79","B7","2A","0","64","25-79","23-79","1040","5E","0","0","HappyHeartB"
"137","26-79","B7","2A","0","64","25-79","23-79","1040","5E","0","0","HappyHeartX"
"138","26-7B","BD","3F","0","FA","25-7B","23-7B","1040","62","0","0","FlowerSaverB"
"139","26-7B","BD","3F","0","FA","25-7B","23-7B","1040","62","0","0","FlowerSaverX"
"13A","26-75","DB","49","0","96","25-75","23-75","1040","33","0","0","DamageDodgeB"
"13B","26-75","DB","49","0","96","25-75","23-75","1040","33","0","0","DamageDodgeX"
"13C","26-73","92","43","0","FA","25-73","23-73","1040","3B","0","0","PowerPlusB"
"13D","26-73","92","43","0","FA","25-73","23-73","1040","3B","0","0","PowerPlusX"
"13E","26-74","B3","46","0","FA","25-74","23-74","1040","45","0","0","DefendPlusX"
"13F","26-74","B3","46","0","FA","25-74","23-74","1040","45","0","0","DefendPlusY"
"140","26-7A","DD","2E","0","64","25-7A","23-7A","1040","74","0","0","HappyFlowerA"
"141","26-7A","DD","2E","0","64","25-7A","23-7A","1040","74","0","0","HappyFlowerB"
"142","26-7A","DD","2E","0","64","25-7A","23-7A","1040","74","0","0","HappyFlowerX"
"143","26-6F","E9","23","0","64","25-6F","23-6F","1040","75","0","0","GroupFocus"
"144","26-9F","E8","25","0","64","25-9F","23-9F","1040","76","0","0","Peekaboo"
"145","26-8E","EA","73","0","1E","25-8E","23-8E","1040","55","0","0","AttackFXD"
"146","26-8F","EB","71","0","1E","25-8F","23-8F","1040","56","0","0","AttackFXB"
"147","26-90","EC","74","0","1E","25-90","23-90","1040","57","0","0","AttackFXE"
"148","26-91","ED","72","0","1E","25-91","23-91","1040","58","0","0","AttackFXC"
"149","26-92","EE","75","0","1E","25-92","23-92","1040","59","0","0","AttackFXF"
"14A","26-71","97","35","0","96","25-71","23-71","1040","52","0","0","HPPlusC"
"14B","26-71","97","35","0","96","25-71","23-71","1040","52","0","0","HPPlusX"
"14C","26-71","97","35","0","96","25-71","23-71","1040","52","0","0","HPPlusY"
"14D","26-72","B0","3A","0","96","25-72","23-72","1040","5B","0","0","FPPlusC"
"14E","26-72","B0","3A","0","96","25-72","23-72","1040","5B","0","0","FPPlusX"
"14F","26-72","B0","3A","0","96","25-72","23-72","1040","5B","0","0","FPPlusY"
"150","00-00","F0","5D","0","64","00-00","00-00","1040","4A","0","0","HealthyHealthy"
"151","26-92","EE","75","0","1E","25-92","23-92","1040","59","0","0","AttackFXF2"
"152","26-92","EE","75","0","1E","25-92","23-92","1040","59","0","0","AttackFXF3"
"153","26-92","EE","75","0","1E","25-92","23-92","1040","59","0","0","AttackFXF4"
"154","26-92","EE","75","0","1E","25-92","23-92","1040","59","0","0","AttackFXF5"
"155","00-00","149","0","8","1","00-00","00-00","1040","00","0","0","PartnerAttack"
"156","00-00","31","0","8","FFFF","00-00","00-00","0000","00","0","0","Heart"
"157","00-00","32","0","8","1","00-00","00-00","0200","00","0","0","Coin"
"158","00-00","33","0","8","FFFF","00-00","00-00","0200","00","0","0","HeartPiece"
"159","00-00","34","0","8","FFFF","00-00","00-00","0200","00","0","0","StarPoint"
"15A","00-00","35","0","8","FFFF","00-00","00-00","1200","00","0","0","FullHeal"
"15B","00-00","36","0","8","1","00-00","00-00","1200","00","0","0","Flower"
"15C","26-10C","37","0","8","1","00-00","00-00","1200","00","0","0","StarPiece"
"15D","00-00","140","0","8","0","00-00","00-00","1000","00","0","0","Present"
"15E","00-00","141","0","8","0","00-00","00-00","1000","00","0","0","CompleteCake"
"15F","00-00","142","0","8","0","00-00","00-00","1000","00","0","0","BareCake"
"160","00-00","143","0","8","0","00-00","00-00","1000","00","0","0","EmptyCakePan"
"161","00-00","144","0","8","0","00-00","00-00","1000","00","0","0","FullCakePan"
"162","00-00","145","0","8","0","00-00","00-00","1000","00","0","0","EmptyMixingBowl"
"163","00-00","146","0","8","0","00-00","00-00","1000","00","0","0","FullMixingBowl"
"164","00-00","147","0","8","0","00-00","00-00","1000","00","0","0","CakeWithIcing"
"165","00-00","148","0","8","0","00-00","00-00","1000","00","0","0","CakeWithBerries"
"166","00-00","14A","0","8","0","00-00","00-00","1000","00","0","0","Hammer1Icon"
"167","00-00","14B","0","8","0","00-00","00-00","1000","00","0","0","Hammer2Icon"
"168","00-00","14C","0","8","0","00-00","00-00","1000","00","0","0","Hammer3Icon"
"169","00-00","14D","0","8","0","00-00","00-00","1000","00","0","0","Boots1Icon"
"16A","00-00","14E","0","8","0","00-00","00-00","1000","00","0","0","Boots2Icon"
"16B","00-00","14F","0","8","0","00-00","00-00","1000","00","0","0","Boots3Icon"
"16C","00-00","150","0","8","0","00-00","00-00","1000","00","0","0","ItemsIcon"